Epoch,Training Accuracy,Validation Accuracy,Training Loss,Validation Loss
1,0.7426298260688782,0.8056660890579224,1.7617894411087036,1.2167919874191284
2,0.8275535702705383,0.853911817073822,1.0908318758010864,0.8767811059951782
3,0.8562554121017456,0.8670084476470947,0.8715056777000427,0.7830347418785095
4,0.8702000975608826,0.8753361701965332,0.7685191035270691,0.7272154688835144
5,0.8788689970970154,0.8782197833061218,0.7053905725479126,0.7153353095054626
